{
  "analysis_date": "2025-12-15T14:00:33.382796",
  "level": "intermediate",
  "causes": {
    "all_cause": "All-cause",
    "cardiovascular": "Cardiovascular (I00-I99)",
    "respiratory": "Respiratory (J00-J99)",
    "other": "Other causes",
    "heat_related": "Heat-related (X30)"
  },
  "dlnm_params": {
    "max_lag": 21,
    "var_df": 4,
    "lag_df": 4,
    "basis_type": "natural_spline"
  },
  "approach": "per_region_then_meta_analysis",
  "offset": "log(pop_elderly)",
  "percentile_method": "region_specific",
  "zero_count_handling": "KEPT (v1 bug fixed)",
  "pooled_results": {
    "all_cause": {
      "label": "All-cause",
      "heat": {
        "rr": 1.1645745847121844,
        "rr_lo": 1.1206305431661066,
        "rr_hi": 1.210241833607178,
        "log_rr": 0.15235585699211646,
        "se": 0.019624665883652356,
        "I2": 94.76023072884914,
        "tau2": 0.03803720665006013,
        "k": 118
      },
      "cold": {
        "rr": 1.1302449638387584,
        "rr_lo": 1.1073915285793798,
        "rr_hi": 1.1535700294923341,
        "log_rr": 0.12243439138858568,
        "se": 0.010421997877603515,
        "I2": 75.57886062742777,
        "tau2": 0.006406641108681402,
        "k": 123
      },
      "n_regions": 133
    },
    "cardiovascular": {
      "label": "Cardiovascular (I00-I99)",
      "heat": {
        "rr": 1.1526633941142916,
        "rr_lo": 1.109251424294408,
        "rr_hi": 1.1977743467638264,
        "log_rr": 0.14207525947469468,
        "se": 0.019586665399461033,
        "I2": 78.91388554229863,
        "tau2": 0.024274402280095246,
        "k": 115
      },
      "cold": {
        "rr": 1.127470503018782,
        "rr_lo": 1.0977049308173739,
        "rr_hi": 1.1580432040428852,
        "log_rr": 0.11997663065007029,
        "se": 0.013650539283423396,
        "I2": 46.863285595298024,
        "tau2": 0.006433573557280909,
        "k": 120
      },
      "n_regions": 133
    },
    "respiratory": {
      "label": "Respiratory (J00-J99)",
      "heat": {
        "rr": 1.2896759644053521,
        "rr_lo": 1.2338779075569295,
        "rr_hi": 1.3479973042536497,
        "log_rr": 0.2543909964365443,
        "se": 0.022565824612111648,
        "I2": 66.08840886238251,
        "tau2": 0.026171826544787762,
        "k": 120
      },
      "cold": {
        "rr": 1.1364264756405436,
        "rr_lo": 1.0988092241764864,
        "rr_hi": 1.1753315371962665,
        "log_rr": 0.12788866854465397,
        "se": 0.017174284983666504,
        "I2": 37.80498781382949,
        "tau2": 0.00899090990736626,
        "k": 124
      },
      "n_regions": 133
    },
    "other": {
      "label": "Other causes",
      "heat": {
        "rr": 1.1699503013574875,
        "rr_lo": 1.1343157521261538,
        "rr_hi": 1.2067043105774007,
        "log_rr": 0.1569612704352385,
        "se": 0.01578146064226164,
        "I2": 78.62449672983222,
        "tau2": 0.017821082214332002,
        "k": 121
      },
      "cold": {
        "rr": 1.1223447794955976,
        "rr_lo": 1.1023530951691356,
        "rr_hi": 1.1426990222835547,
        "log_rr": 0.115420049999599,
        "se": 0.009169886505626846,
        "I2": 51.61806644138176,
        "tau2": 0.002501126759113255,
        "k": 124
      },
      "n_regions": 133
    }
  },
  "heterogeneity_across_causes": {
    "heat": {
      "Q": 17.507020704871334,
      "df": 3,
      "p": 0.0005557878942965555,
      "I2": 82.8640175243224
    },
    "cold": {
      "Q": 0.5140142582851073,
      "df": 3,
      "p": 0.9158019277003865,
      "I2": 0.0
    }
  },
  "pairwise_comparisons": {
    "cvd_vs_respiratory": {
      "heat": {
        "rr_ratio": 0.8937620192416049,
        "rr_ratio_lo": 0.8429211734533992,
        "rr_ratio_hi": 0.9476693339736032,
        "z": -3.7588103206846384,
        "p": 0.00017072319982291972,
        "significant": true
      },
      "cold": {
        "rr_ratio": 0.9921191798908825,
        "rr_ratio_lo": 0.9503629667363988,
        "rr_ratio_hi": 1.0357100408568127,
        "z": -0.3606479403765808,
        "p": 0.718362646548576,
        "significant": false
      }
    },
    "cvd_vs_all_cause": {
      "heat": {
        "rr_ratio": 0.9897720671958193,
        "rr_ratio_lo": 0.9374191586710445,
        "rr_ratio_hi": 1.0450487766752163,
        "z": -0.37078449354394816,
        "p": 0.7107980517806265,
        "significant": false
      },
      "cold": {
        "rr_ratio": 0.9975452570825415,
        "rr_ratio_lo": 0.9645252057097968,
        "rr_ratio_hi": 1.0316957338565138,
        "z": -0.14310721425231243,
        "p": 0.8862055074401691,
        "significant": false
      }
    }
  }
}