{
  "analysis_date": "2025-12-15T12:22:34.763866",
  "level": "immediate",
  "causes": {
    "all_cause": "All-cause",
    "cardiovascular": "Cardiovascular (I00-I99)",
    "respiratory": "Respiratory (J00-J99)",
    "other": "Other causes",
    "heat_related": "Heat-related (X30)"
  },
  "dlnm_params": {
    "max_lag": 21,
    "var_df": 4,
    "lag_df": 4,
    "basis_type": "natural_spline"
  },
  "approach": "per_region_then_meta_analysis",
  "offset": "log(pop_elderly)",
  "percentile_method": "region_specific",
  "zero_count_handling": "KEPT (v1 bug fixed)",
  "pooled_results": {
    "all_cause": {
      "label": "All-cause",
      "heat": {
        "rr": 1.1728540010876154,
        "rr_lo": 1.1413457348759375,
        "rr_hi": 1.2052320921116442,
        "log_rr": 0.15944009567380454,
        "se": 0.013893908308106766,
        "I2": 91.93535615846,
        "tau2": 0.06221727933068349,
        "k": 451
      },
      "cold": {
        "rr": 1.1059949708755261,
        "rr_lo": 1.0962649262505952,
        "rr_hi": 1.1158113758009063,
        "log_rr": 0.10074535596098576,
        "se": 0.004508405925213545,
        "I2": 8.308942370495325,
        "tau2": 0.0005606260854652439,
        "k": 451
      },
      "n_regions": 509
    },
    "cardiovascular": {
      "label": "Cardiovascular (I00-I99)",
      "heat": {
        "rr": 1.1376990163495302,
        "rr_lo": 1.1136184766910173,
        "rr_hi": 1.1623002661097364,
        "log_rr": 0.1290078159675111,
        "se": 0.010914904923968584,
        "I2": 31.899898455451158,
        "tau2": 0.011116721809945712,
        "k": 449
      },
      "cold": {
        "rr": 1.1380118523386924,
        "rr_lo": 1.117351034556452,
        "rr_hi": 1.1590547070799808,
        "log_rr": 0.12928275071026527,
        "se": 0.009347966581922539,
        "I2": 17.992033224425718,
        "tau2": 0.003634433127901916,
        "k": 451
      },
      "n_regions": 509
    },
    "respiratory": {
      "label": "Respiratory (J00-J99)",
      "heat": {
        "rr": 1.3216156856478372,
        "rr_lo": 1.2672981962867378,
        "rr_hi": 1.3782612692642096,
        "log_rr": 0.2788549923944085,
        "se": 0.021412123756152025,
        "I2": 58.909615766406375,
        "tau2": 0.07416722447860465,
        "k": 450
      },
      "cold": {
        "rr": 1.1242449296328736,
        "rr_lo": 1.1087921902781102,
        "rr_hi": 1.139913026883968,
        "log_rr": 0.117111636658842,
        "se": 0.007061393178631567,
        "I2": 0.0,
        "tau2": 0.0,
        "k": 463
      },
      "n_regions": 510
    },
    "other": {
      "label": "Other causes",
      "heat": {
        "rr": 1.170218646251828,
        "rr_lo": 1.1446570596849353,
        "rr_hi": 1.1963510541859492,
        "log_rr": 0.1571906084886221,
        "se": 0.011268126294413601,
        "I2": 65.82348071284854,
        "tau2": 0.024336228263469557,
        "k": 442
      },
      "cold": {
        "rr": 1.0806582191413652,
        "rr_lo": 1.0706628566991903,
        "rr_hi": 1.0907468950572683,
        "log_rr": 0.07757031765741786,
        "se": 0.004741004462998692,
        "I2": 0.0,
        "tau2": 0.0,
        "k": 460
      },
      "n_regions": 508
    }
  },
  "heterogeneity_across_causes": {
    "heat": {
      "Q": 38.90940908896562,
      "df": 3,
      "p": 1.8140809299183047e-08,
      "I2": 92.2897826766257
    },
    "cold": {
      "Q": 37.455107156219995,
      "df": 3,
      "p": 3.686253435830622e-08,
      "I2": 91.99041138105034
    }
  },
  "pairwise_comparisons": {
    "cvd_vs_respiratory": {
      "heat": {
        "rr_ratio": 0.8608395229448615,
        "rr_ratio_lo": 0.8212291946994087,
        "rr_ratio_hi": 0.9023603752119146,
        "z": -6.234902059846167,
        "p": 4.5206083321147617e-10,
        "significant": true
      },
      "cold": {
        "rr_ratio": 1.0122454834733516,
        "rr_ratio_lo": 0.9892671801554531,
        "rr_ratio_hi": 1.0357575176517912,
        "z": 1.0389094839055837,
        "p": 0.2988468352184439,
        "significant": false
      }
    },
    "cvd_vs_all_cause": {
      "heat": {
        "rr_ratio": 0.9700261202967418,
        "rr_ratio_lo": 0.9370088641276237,
        "rr_ratio_hi": 1.004206801110676,
        "z": -1.7224032810569052,
        "p": 0.08499648974824647,
        "significant": false
      },
      "cold": {
        "rr_ratio": 1.0289484873858163,
        "rr_ratio_lo": 1.008229501309726,
        "rr_ratio_hi": 1.0500932459506735,
        "z": 2.7497037132154474,
        "p": 0.005964917270701031,
        "significant": true
      }
    }
  }
}