{
  "analysis_date": "2025-12-16T23:05:50.607563",
  "level": "immediate",
  "sexes": [
    "Male",
    "Female"
  ],
  "dlnm_params": {
    "max_lag": 21,
    "var_df": 4,
    "lag_df": 4,
    "basis_type": "natural_spline"
  },
  "approach": "per_region_dlnm_then_mvmeta_pooling",
  "methodology": "Gasparrini MVMeta - pool DLNM coefficients not RRs",
  "offset": "log(pop_elderly * sex_proportion)",
  "percentile_method": "region_specific",
  "pooled_results": {
    "Male": {
      "method": "mvmeta",
      "heat": {
        "rr": 4.5399929762484854e-05,
        "rr_lo": 0.0,
        "rr_hi": Infinity,
        "k": 506
      },
      "cold": {
        "rr": 22026.465794806718,
        "rr_lo": 0.0,
        "rr_hi": Infinity,
        "k": 506
      },
      "mmt": 24.697974198851924,
      "mmt_percentile": 61.38383838383838,
      "n_regions": 506,
      "n_pooled": 506,
      "pooled_percentiles": {
        "p1": 18.50618263244629,
        "p50": 24.478687286376953,
        "p99": 28.555155830383303
      }
    },
    "Female": {
      "method": "mvmeta",
      "heat": {
        "rr": 2695.2557437190894,
        "rr_lo": 0.0,
        "rr_hi": Infinity,
        "k": 502
      },
      "cold": {
        "rr": 22026.465794806718,
        "rr_lo": 0.0,
        "rr_hi": Infinity,
        "k": 502
      },
      "mmt": 25.15848700205485,
      "mmt_percentile": 66.33333333333333,
      "n_regions": 502,
      "n_pooled": 502,
      "pooled_percentiles": {
        "p1": 18.36514934539795,
        "p50": 24.444910049438477,
        "p99": 28.555155830383303
      }
    }
  },
  "comparisons": {
    "heat": {
      "male_vs_female": {
        "rr_ratio": 1.0,
        "rr_ratio_lo": 0.06254565041285011,
        "rr_ratio_hi": 15.988322023981196,
        "diff_log_rr": 0.0,
        "se_diff": 1.4142135623730951,
        "z": 0.0,
        "p": 1.0,
        "significant": false
      },
      "paired": {
        "rr_ratio": 0.9269783263395476,
        "rr_ratio_lo": 0.907209155171818,
        "rr_ratio_hi": 0.947178291361628,
        "p": 5.420774940034789e-12,
        "k": 492,
        "I2": 32.575355033689775
      }
    },
    "cold": {
      "male_vs_female": {
        "rr_ratio": 1.0,
        "rr_ratio_lo": 0.06254565041285011,
        "rr_ratio_hi": 15.988322023981196,
        "diff_log_rr": 0.0,
        "se_diff": 1.4142135623730951,
        "z": 0.0,
        "p": 1.0,
        "significant": false
      },
      "paired": {
        "rr_ratio": 1.026975957761381,
        "rr_ratio_lo": 1.0093074108531643,
        "rr_ratio_hi": 1.044953803448633,
        "p": 0.0026442295037822916,
        "k": 495,
        "I2": 0.0
      }
    }
  }
}