{
  "exposure_type": "intermediate",
  "analysis_date": "2025-12-19 12:27:38.911697",
  "cause_groups": {
    "cvd": {
      "n_regions": 127,
      "pooled_mmt": 25.459743,
      "heterogeneity": {
        "cochrans_Q": 136.148798,
        "Q_df": 126,
        "Q_pvalue": 0.253137,
        "I2_percent": 7.454195
      },
      "heat": {
        "rr": 1.471454,
        "ci_low": 1.370463,
        "ci_high": 1.579886,
        "log_rr": 0.386251,
        "se": 0.036276
      },
      "cold": {
        "rr": 1.843448,
        "ci_low": 1.70376,
        "ci_high": 1.994588,
        "log_rr": 0.611638,
        "se": 0.040204
      },
      "converged": true,
      "method": "ml"
    },
    "respiratory": {
      "n_regions": 126,
      "pooled_mmt": 24.757751,
      "heterogeneity": {
        "cochrans_Q": 148.253269,
        "Q_df": 125,
        "Q_pvalue": 0.076386,
        "I2_percent": 15.684827
      },
      "heat": {
        "rr": 1.632875,
        "ci_low": 1.46684,
        "ci_high": 1.817704,
        "log_rr": 0.490342,
        "se": 0.05471
      },
      "cold": {
        "rr": 1.423448,
        "ci_low": 1.2973,
        "ci_high": 1.561861,
        "log_rr": 0.353082,
        "se": 0.047345
      },
      "converged": true,
      "method": "ml"
    },
    "external": {
      "n_regions": 103,
      "pooled_mmt": 25.217587,
      "heterogeneity": {
        "cochrans_Q": 108.849461,
        "Q_df": 102,
        "Q_pvalue": 0.303043,
        "I2_percent": 6.2926
      },
      "heat": {
        "rr": 1.150138,
        "ci_low": 1.047878,
        "ci_high": 1.262377,
        "log_rr": 0.139882,
        "se": 0.047507
      },
      "cold": {
        "rr": 1.147166,
        "ci_low": 0.988002,
        "ci_high": 1.33197,
        "log_rr": 0.137294,
        "se": 0.076207
      },
      "converged": true,
      "method": "ml"
    },
    "other": {
      "n_regions": 128,
      "pooled_mmt": 25.151878,
      "heterogeneity": {
        "cochrans_Q": 169.805838,
        "Q_df": 127,
        "Q_pvalue": 0.006697,
        "I2_percent": 25.208696
      },
      "heat": {
        "rr": 1.665523,
        "ci_low": 1.509715,
        "ci_high": 1.837411,
        "log_rr": 0.510139,
        "se": 0.050111
      },
      "cold": {
        "rr": 1.441966,
        "ci_low": 1.357119,
        "ci_high": 1.532118,
        "log_rr": 0.366008,
        "se": 0.03094
      },
      "converged": true,
      "method": "ml"
    }
  }
}
