{
  "exposure_type": "immediate",
  "analysis_date": "2025-12-19 20:11:44.797975",
  "sex_groups": {
    "male": {
      "n_regions": 485,
      "pooled_mmt": 25.324809,
      "heterogeneity": {
        "cochrans_Q": 510.771898,
        "Q_df": 484,
        "Q_pvalue": 0.193124,
        "I2_percent": 5.241459
      },
      "heat": {
        "rr": 1.282636,
        "ci_low": 1.237708,
        "ci_high": 1.329196,
        "log_rr": 0.248918,
        "se": 0.018192
      },
      "cold": {
        "rr": 1.28905,
        "ci_low": 1.240115,
        "ci_high": 1.339917,
        "log_rr": 0.253906,
        "se": 0.019746
      },
      "converged": true,
      "method": "ml"
    },
    "female": {
      "n_regions": 479,
      "pooled_mmt": 24.553952,
      "heterogeneity": {
        "cochrans_Q": 541.584472,
        "Q_df": 478,
        "Q_pvalue": 0.023125,
        "I2_percent": 11.740453
      },
      "heat": {
        "rr": 1.525054,
        "ci_low": 1.449427,
        "ci_high": 1.604628,
        "log_rr": 0.42203,
        "se": 0.02595
      },
      "cold": {
        "rr": 1.239759,
        "ci_low": 1.197937,
        "ci_high": 1.283041,
        "log_rr": 0.214917,
        "se": 0.017508
      },
      "converged": true,
      "method": "ml"
    }
  },
  "sex_comparison": {
    "heat_diff": -0.173112,
    "heat_diff_se": 0.031691,
    "heat_p": 4.696664e-08,
    "cold_diff": 0.038989,
    "cold_diff_se": 0.02639,
    "cold_p": 0.139568,
    "heat_rrr": 0.841043,
    "cold_rrr": 1.039759
  }
}
