{
  "exposure_type": "intermediate",
  "analysis_date": "2025-12-19 11:36:10.527397",
  "sex_groups": {
    "male": {
      "n_regions": 129,
      "pooled_mmt": 25.43783,
      "heterogeneity": {
        "cochrans_Q": 135.270268,
        "Q_df": 128,
        "Q_pvalue": 0.312934,
        "I2_percent": 5.374624
      },
      "heat": {
        "rr": 1.462124,
        "ci_low": 1.368238,
        "ci_high": 1.562454,
        "log_rr": 0.37989,
        "se": 0.033861
      },
      "cold": {
        "rr": 1.616703,
        "ci_low": 1.508991,
        "ci_high": 1.732104,
        "log_rr": 0.480389,
        "se": 0.035177
      },
      "converged": true,
      "method": "ml"
    },
    "female": {
      "n_regions": 127,
      "pooled_mmt": 24.676952,
      "heterogeneity": {
        "cochrans_Q": 147.332583,
        "Q_df": 126,
        "Q_pvalue": 0.094063,
        "I2_percent": 14.479202
      },
      "heat": {
        "rr": 1.935933,
        "ci_low": 1.733477,
        "ci_high": 2.162034,
        "log_rr": 0.660589,
        "se": 0.056357
      },
      "cold": {
        "rr": 1.504482,
        "ci_low": 1.415026,
        "ci_high": 1.599593,
        "log_rr": 0.408449,
        "se": 0.031276
      },
      "converged": true,
      "method": "ml"
    }
  },
  "sex_comparison": {
    "heat_diff": -0.280699,
    "heat_diff_se": 0.065747,
    "heat_p": 0.00002,
    "cold_diff": 0.07194,
    "cold_diff_se": 0.04707,
    "cold_p": 0.126423,
    "heat_rrr": 0.755256,
    "cold_rrr": 1.074591
  }
}
