{
  "intermediate": {
    "level": "intermediate",
    "n_regions": 133,
    "total_deaths": 12433518.0,
    "total_pop": 32113490.0,
    "avg_years": 13.60650085171862,
    "mean_mmt": 22.37467442419296,
    "mean_mmt_percentile": 31.102293610080793,
    "total_heat_an": 4388102.932644992,
    "total_cold_an": 830140.6378459076,
    "total_heat_af_pct": 35.29252889363245,
    "total_cold_af_pct": 6.67663518761068,
    "heat_an_97_5": 307915.0003790146,
    "cold_an_2_5": 122463.00266871203,
    "heat_af_pct_97_5": 2.476491370978146,
    "cold_af_pct_2_5": 0.9849424971171636,
    "heat_annual_97_5": 22049.143817303873,
    "cold_annual_2_5": 8786.71544172743,
    "heat_an_99": 131096.3598834955,
    "cold_an_1": 52588.598059215525,
    "heat_af_pct_99": 1.0543786552084091,
    "cold_af_pct_1": 0.4229583136423297,
    "heat_annual_99": 9384.510182327665,
    "cold_annual_1": 3770.772898278631,
    "protective_heat": 1760.905595806895,
    "protective_cold": 5760.395159500869,
    "heat_rate_97_5": 68.66006720946206,
    "cold_rate_2_5": 27.361446674676063
  },
  "immediate": {
    "level": "immediate",
    "n_regions": 510,
    "total_deaths": 13677712.0,
    "total_pop": 32113490.0,
    "avg_years": 12.360800418730118,
    "mean_mmt": 22.70714628649693,
    "mean_mmt_percentile": 42.78124004328724,
    "total_heat_an": 4285790.206535846,
    "total_cold_an": 2128262.261787189,
    "total_heat_af_pct": 31.33411645555811,
    "total_cold_af_pct": 15.560075119195297,
    "heat_an_97_5": 315738.1792548973,
    "cold_an_2_5": 173674.76938466783,
    "heat_af_pct_97_5": 2.308413711700446,
    "cold_af_pct_2_5": 1.2697647777981276,
    "heat_annual_97_5": 22340.045441467504,
    "cold_annual_2_5": 12520.501944256868,
    "heat_an_99": 131947.83571370944,
    "cold_an_1": 71799.1137837102,
    "heat_af_pct_99": 0.9646923090185657,
    "cold_af_pct_1": 0.524935119146464,
    "heat_annual_99": 9306.641636487691,
    "cold_annual_1": 5154.756498851057,
    "protective_heat": 6398.321606521408,
    "protective_cold": 8663.343215533025,
    "heat_rate_97_5": 69.56592211393874,
    "cold_rate_2_5": 38.98829415381781
  },
  "timestamp": "2025-12-16T01:36:08.843487",
  "basis_types": {
    "intermediate": "ns",
    "immediate": "ns"
  }
}