{
  "method": "MVMeta (Multivariate Meta-Analysis)",
  "n_regions": 133,
  "mmt": 20.127704620361328,
  "mmt_percentile": 1,
  "global_percentiles": {
    "p1": 20.127704620361328,
    "p2.5": 20.64002208709717,
    "p5": 22.014205932617188,
    "p10": 22.460051345825196,
    "p25": 23.474403381347656,
    "p50": 24.808866500854492,
    "p75": 26.060746669769287,
    "p90": 27.080415725708008,
    "p95": 27.519414138793945,
    "p97.5": 27.950598716735836,
    "p99": 28.556760025024417
  },
  "effects": {
    "p1": {
      "rr": 1.0,
      "rr_lower": 1.0,
      "rr_upper": 1.0,
      "log_rr": 0.0,
      "log_rr_se": 0.0
    },
    "p2.5": {
      "rr": Infinity,
      "rr_lower": Infinity,
      "rr_upper": Infinity,
      "log_rr": 124002.72816169764,
      "log_rr_se": 27488.40941193206
    },
    "p5": {
      "rr": Infinity,
      "rr_lower": Infinity,
      "rr_upper": Infinity,
      "log_rr": 456613.9641711027,
      "log_rr_se": 101220.28584704576
    },
    "p10": {
      "rr": Infinity,
      "rr_lower": Infinity,
      "rr_upper": Infinity,
      "log_rr": 564527.613745496,
      "log_rr_se": 125142.13518546184
    },
    "p25": {
      "rr": Infinity,
      "rr_lower": Infinity,
      "rr_upper": Infinity,
      "log_rr": 810044.1691785199,
      "log_rr_se": 179567.22480405367
    },
    "p50": {
      "rr": Infinity,
      "rr_lower": Infinity,
      "rr_upper": Infinity,
      "log_rr": 1133015.8402646824,
      "log_rr_se": 251166.07543815998
    },
    "p75": {
      "rr": Infinity,
      "rr_lower": Infinity,
      "rr_upper": Infinity,
      "log_rr": 1414397.6154859678,
      "log_rr_se": 317004.9341231688
    },
    "p90": {
      "rr": Infinity,
      "rr_lower": Infinity,
      "rr_upper": Infinity,
      "log_rr": 1571026.0965050142,
      "log_rr_se": 369852.3332859008
    },
    "p95": {
      "rr": Infinity,
      "rr_lower": Infinity,
      "rr_upper": Infinity,
      "log_rr": 1604473.494640623,
      "log_rr_se": 396022.4199753767
    },
    "p97.5": {
      "rr": Infinity,
      "rr_lower": Infinity,
      "rr_upper": Infinity,
      "log_rr": 1610575.4049602451,
      "log_rr_se": 432093.39070716564
    },
    "p99": {
      "rr": Infinity,
      "rr_lower": Infinity,
      "rr_upper": Infinity,
      "log_rr": 1567157.0532738096,
      "log_rr_se": 548885.0558450042
    }
  }
}