{
  "p1": {
    "pooled_effect": 0.7234879528065138,
    "pooled_se": 0.09261130860978407,
    "pooled_rr": 2.0616114881959504,
    "pooled_rr_lower": 1.719390363087687,
    "pooled_rr_upper": 2.471947045596395,
    "tau2": 0.0,
    "I2": 0.0,
    "Q": 54.2501311577686,
    "p_heterogeneity": 0.8870927733870531,
    "n_regions": 69,
    "percentile": "p1",
    "regions_included": [
      1102,
      1301,
      1502,
      1503,
      1504,
      1601,
      2102,
      2103,
      2105,
      2201,
      2301,
      2302,
      2303,
      2401,
      2501,
      2502,
      2602,
      2604,
      2801,
      2901,
      2903,
      2904,
      2909,
      2910,
      3101,
      3103,
      3104,
      3105,
      3107,
      3108,
      3109,
      3112,
      3201,
      3202,
      3203,
      3301,
      3303,
      3304,
      3501,
      3502,
      3503,
      3506,
      3508,
      3509,
      3510,
      4101,
      4102,
      4103,
      4104,
      4105,
      4106,
      4202,
      4203,
      4204,
      4206,
      4207,
      4301,
      4302,
      4303,
      4305,
      4306,
      4307,
      4308,
      5001,
      5101,
      5102,
      5105,
      5201,
      5206
    ],
    "n_excluded_boundary": 0,
    "n_excluded_se": 61,
    "n_excluded_logrr": 3
  },
  "p2.5": {
    "pooled_effect": 0.24145217549363399,
    "pooled_se": 0.027891991471268626,
    "pooled_rr": 1.2730965682466682,
    "pooled_rr_lower": 1.205366743645313,
    "pooled_rr_upper": 1.344632146710667,
    "tau2": 0.00065156129574347,
    "I2": 0.7131633957228506,
    "Q": 116.83321169989101,
    "p_heterogeneity": 0.46083380310615907,
    "n_regions": 117,
    "percentile": "p2.5",
    "regions_included": [
      1101,
      1102,
      1202,
      1301,
      1402,
      1501,
      1502,
      1503,
      1504,
      1505,
      1601,
      1701,
      1702,
      1703,
      2101,
      2102,
      2103,
      2104,
      2105,
      2201,
      2202,
      2203,
      2204,
      2301,
      2302,
      2303,
      2304,
      2305,
      2401,
      2402,
      2403,
      2501,
      2502,
      2503,
      2504,
      2601,
      2602,
      2603,
      2604,
      2701,
      2702,
      2801,
      2901,
      2902,
      2903,
      2904,
      2905,
      2906,
      2907,
      2908,
      2909,
      2910,
      3101,
      3102,
      3103,
      3104,
      3105,
      3106,
      3107,
      3108,
      3109,
      3110,
      3111,
      3112,
      3113,
      3201,
      3202,
      3203,
      3204,
      3301,
      3302,
      3303,
      3304,
      3501,
      3502,
      3503,
      3504,
      3505,
      3506,
      3507,
      3508,
      3509,
      3510,
      3511,
      4101,
      4102,
      4103,
      4104,
      4105,
      4106,
      4201,
      4202,
      4203,
      4204,
      4206,
      4207,
      4301,
      4302,
      4303,
      4304,
      4305,
      4306,
      4307,
      4308,
      5001,
      5101,
      5102,
      5103,
      5104,
      5105,
      5201,
      5202,
      5203,
      5204,
      5205,
      5206,
      5301
    ],
    "n_excluded_boundary": 0,
    "n_excluded_se": 14,
    "n_excluded_logrr": 2
  },
  "p5": {
    "pooled_effect": 0.3794414553893705,
    "pooled_se": 0.03937236505034848,
    "pooled_rr": 1.4614680663111121,
    "pooled_rr_lower": 1.3529286591407486,
    "pooled_rr_upper": 1.578715104020085,
    "tau2": 0.0,
    "I2": 0.0,
    "Q": 103.00476487562871,
    "p_heterogeneity": 0.8665000229299782,
    "n_regions": 121,
    "percentile": "p5",
    "regions_included": [
      1101,
      1102,
      1202,
      1301,
      1402,
      1501,
      1502,
      1503,
      1504,
      1505,
      1601,
      1701,
      1702,
      1703,
      2101,
      2102,
      2103,
      2104,
      2105,
      2201,
      2202,
      2203,
      2204,
      2206,
      2301,
      2302,
      2303,
      2304,
      2305,
      2306,
      2401,
      2402,
      2403,
      2501,
      2502,
      2503,
      2504,
      2601,
      2602,
      2603,
      2604,
      2701,
      2702,
      2801,
      2802,
      2901,
      2902,
      2903,
      2904,
      2905,
      2906,
      2907,
      2908,
      2909,
      2910,
      3101,
      3102,
      3103,
      3104,
      3105,
      3106,
      3107,
      3108,
      3109,
      3110,
      3111,
      3112,
      3113,
      3201,
      3202,
      3203,
      3204,
      3301,
      3302,
      3303,
      3304,
      3501,
      3502,
      3503,
      3504,
      3505,
      3506,
      3507,
      3508,
      3509,
      3510,
      3511,
      4101,
      4102,
      4103,
      4104,
      4105,
      4106,
      4201,
      4202,
      4203,
      4204,
      4206,
      4207,
      4301,
      4302,
      4303,
      4304,
      4305,
      4306,
      4307,
      4308,
      5001,
      5002,
      5101,
      5102,
      5103,
      5104,
      5105,
      5201,
      5202,
      5203,
      5204,
      5205,
      5206,
      5301
    ],
    "n_excluded_boundary": 0,
    "n_excluded_se": 10,
    "n_excluded_logrr": 2
  },
  "p10": {
    "pooled_effect": 0.2602369993752304,
    "pooled_se": 0.03195056773317134,
    "pooled_rr": 1.2972374947123477,
    "pooled_rr_lower": 1.2184918269814182,
    "pooled_rr_upper": 1.3810721421549847,
    "tau2": 0.0,
    "I2": 0.0,
    "Q": 118.9278766516592,
    "p_heterogeneity": 0.5362679788970666,
    "n_regions": 122,
    "percentile": "p10",
    "regions_included": [
      1101,
      1102,
      1202,
      1301,
      1402,
      1501,
      1502,
      1503,
      1504,
      1505,
      1601,
      1701,
      1702,
      1703,
      2101,
      2102,
      2103,
      2104,
      2105,
      2201,
      2202,
      2203,
      2204,
      2206,
      2301,
      2302,
      2303,
      2304,
      2305,
      2306,
      2401,
      2402,
      2403,
      2501,
      2502,
      2503,
      2504,
      2601,
      2602,
      2603,
      2604,
      2701,
      2702,
      2801,
      2802,
      2901,
      2902,
      2903,
      2904,
      2905,
      2906,
      2907,
      2908,
      2909,
      2910,
      3101,
      3102,
      3103,
      3104,
      3105,
      3106,
      3107,
      3108,
      3109,
      3110,
      3111,
      3112,
      3113,
      3201,
      3202,
      3203,
      3204,
      3301,
      3302,
      3303,
      3304,
      3501,
      3502,
      3503,
      3504,
      3505,
      3506,
      3507,
      3508,
      3509,
      3510,
      3511,
      4101,
      4102,
      4103,
      4104,
      4105,
      4106,
      4201,
      4202,
      4203,
      4204,
      4206,
      4207,
      4301,
      4302,
      4303,
      4304,
      4305,
      4306,
      4307,
      4308,
      5001,
      5002,
      5003,
      5101,
      5102,
      5103,
      5104,
      5105,
      5201,
      5202,
      5203,
      5204,
      5205,
      5206,
      5301
    ],
    "n_excluded_boundary": 0,
    "n_excluded_se": 10,
    "n_excluded_logrr": 1
  },
  "p25": {
    "pooled_effect": 0.008682671829265215,
    "pooled_se": 0.005160023615923994,
    "pooled_rr": 1.0087204755575563,
    "pooled_rr_lower": 0.9985700488978136,
    "pooled_rr_upper": 1.0189740809191723,
    "tau2": 0.0,
    "I2": 0.0,
    "Q": 78.55213983457497,
    "p_heterogeneity": 0.9897863480164271,
    "n_regions": 111,
    "percentile": "p25",