{
  "method": "MVMeta (Multivariate Meta-Analysis)",
  "n_regions": 510,
  "mmt": 25.389239548055368,
  "mmt_percentile": 67.9748743718593,
  "global_percentiles": {
    "p1": 18.429340496063233,
    "p2.5": 19.41470777988434,
    "p5": 20.208823585510252,
    "p10": 20.96779727935791,
    "p25": 22.783153772354126,
    "p50": 24.468061447143555,
    "p75": 25.974865198135376,
    "p90": 27.02015895843506,
    "p95": 27.497858095169068,
    "p97.5": 27.992572450637816,
    "p99": 28.613310432434076
  },
  "effects": {
    "p1": {
      "rr": Infinity,
      "rr_lower": Infinity,
      "rr_upper": Infinity,
      "log_rr": 968.5603390945477,
      "log_rr_se": 0.0
    },
    "p2.5": {
      "rr": Infinity,
      "rr_lower": Infinity,
      "rr_upper": Infinity,
      "log_rr": 821.4290767312507,
      "log_rr_se": 0.0
    },
    "p5": {
      "rr": 1.7617329830936557e+305,
      "rr_lower": 1.7617329830936557e+305,
      "rr_upper": 1.7617329830936557e+305,
      "log_rr": 702.8547513372697,
      "log_rr_se": 0.0
    },
    "p10": {
      "rr": 1.0681492109769323e+256,
      "rr_lower": 1.0681492109769323e+256,
      "rr_upper": 1.0681492109769323e+256,
      "log_rr": 589.5277112479076,
      "log_rr_se": 0.0
    },
    "p25": {
      "rr": 2.031758493984451e+138,
      "rr_lower": 2.031758493984451e+138,
      "rr_upper": 2.031758493984451e+138,
      "log_rr": 318.46564450444555,
      "log_rr_se": 0.0
    },
    "p50": {
      "rr": 2.5227441019996985e+30,
      "rr_lower": 2.5227441019996985e+30,
      "rr_upper": 2.5227441019996985e+30,
      "log_rr": 70.00290002825614,
      "log_rr_se": 0.0
    },
    "p75": {
      "rr": 3.540206118380377e+17,
      "rr_lower": 3.540206118380377e+17,
      "rr_upper": 3.540206118380377e+17,
      "log_rr": 40.4081315318806,
      "log_rr_se": 0.0
    },
    "p90": {
      "rr": 2.6468515757102804e+170,
      "rr_lower": 2.6468515757102804e+170,
      "rr_upper": 2.6468515757102804e+170,
      "log_rr": 392.4128366580162,
      "log_rr_se": 0.0
    },
    "p95": {
      "rr": Infinity,
      "rr_lower": Infinity,
      "rr_upper": Infinity,
      "log_rr": 767.5027041409812,
      "log_rr_se": 0.0
    },
    "p97.5": {
      "rr": Infinity,
      "rr_lower": Infinity,
      "rr_upper": Infinity,
      "log_rr": 1359.038933563077,
      "log_rr_se": 0.0
    },
    "p99": {
      "rr": Infinity,
      "rr_lower": Infinity,
      "rr_upper": Infinity,
      "log_rr": 2304.4401092612243,
      "log_rr_se": 0.0
    }
  }
}