{
  "level": "intermediate",
  "enso_electrification": {
    "deaths_all": {
      "continuous_model": {
        "oni_effect": {
          "coefficient": -0.3439611046448114,
          "std_error": 0.16202180129385033,
          "p_value": 0.033759634285784566
        },
        "electrified_effect": {
          "coefficient": 0.38604317238956126,
          "std_error": 0.08198065241876959,
          "p_value": 2.489904865880775e-06
        },
        "interaction": {
          "coefficient": -0.10966948057929589,
          "std_error": 0.1863085587872174,
          "p_value": 0.556099876009498
        },
        "n_obs": 721096,
        "r_squared": 0.013367229687414772
      },
      "binary_model": {
        "el_nino_effect": {
          "coefficient": 0.7598131223195019,
          "std_error": 0.19546911499405104,
          "p_value": 0.00010143801434061463
        },
        "la_nina_effect": {
          "coefficient": 1.9377019391265862,
          "std_error": 0.42560600715671976,
          "p_value": 5.293487298544841e-06
        },
        "el_nino_x_electrified": {
          "coefficient": -0.4001202952871506,
          "std_error": 0.21268480415676144,
          "p_value": 0.05993343940620108
        },
        "la_nina_x_electrified": {
          "coefficient": -0.11400630197400566,
          "std_error": 0.39562240116215086,
          "p_value": 0.7732170090450813
        },
        "n_obs": 721096,
        "r_squared": 0.01673475565905802
      }
    },
    "deaths_cardiovascular": {
      "continuous_model": {
        "oni_effect": {
          "coefficient": 0.046031528742002614,
          "std_error": 0.029785373836285156,
          "p_value": 0.12223970412661517
        },
        "electrified_effect": {
          "coefficient": 0.010917502240662487,
          "std_error": 0.015216284667814451,
          "p_value": 0.473073014375918
        },
        "interaction": {
          "coefficient": -0.004554729222940401,
          "std_error": 0.0339901292634239,
          "p_value": 0.8934013669849722
        },
        "n_obs": 721096,
        "r_squared": 0.014656804278168178
      },
      "binary_model": {
        "el_nino_effect": {
          "coefficient": 0.20417224876357284,
          "std_error": 0.07075712206486999,
          "p_value": 0.0039074731746988455
        },
        "la_nina_effect": {
          "coefficient": 0.11213936528240491,
          "std_error": 0.09282485250679327,
          "p_value": 0.2270184912383787
        },
        "el_nino_x_electrified": {
          "coefficient": -0.007526866417351707,
          "std_error": 0.05845941597603027,
          "p_value": 0.8975525383339594
        },
        "la_nina_x_electrified": {
          "coefficient": 0.020690885278233387,
          "std_error": 0.09342341216714763,
          "p_value": 0.8247231415080466
        },
        "n_obs": 721096,
        "r_squared": 0.01508710303339611
      }
    },
    "deaths_respiratory": {
      "continuous_model": {
        "oni_effect": {
          "coefficient": 0.11160664837850691,
          "std_error": 0.013342344305754601,
          "p_value": 6.01937628824226e-17
        },
        "electrified_effect": {
          "coefficient": -0.020242673009555352,
          "std_error": 0.007515434815556147,
          "p_value": 0.00707103977392025
        },
        "interaction": {
          "coefficient": 0.008102123835946459,
          "std_error": 0.019223890349905667,
          "p_value": 0.6734183401851268
        },
        "n_obs": 721096,
        "r_squared": 0.016473844396699966
      },
      "binary_model": {
        "el_nino_effect": {
          "coefficient": 0.2936856471689639,
          "std_error": 0.036796857039681226,
          "p_value": 1.448353848345652e-15
        },
        "la_nina_effect": {
          "coefficient": 0.07330921827365766,
          "std_error": 0.04028888707797766,
          "p_value": 0.06882160852727842
        },
        "el_nino_x_electrified": {
          "coefficient": -0.15316007951588143,
          "std_error": 0.0433764832085934,
          "p_value": 0.00041407412197694456
        },
        "la_nina_x_electrified": {
          "coefficient": -0.18593985279870628,
          "std_error": 0.06392304403081042,
          "p_value": 0.0036280976622465157
        },
        "n_obs": 721096,
        "r_squared": 0.016044178447407687
      }
    }
  },
  "temperature_electrification": {
    "deaths_all": {
      "extreme_heat_effect": {
        "coefficient": 1.5152991007693348,
        "std_error": 0.32654553618505555,
        "p_value": 3.47749877668131e-06
      },
      "extreme_cold_effect": {
        "coefficient": -0.21360216796478929,
        "std_error": 0.8364633091902902,
        "p_value": 0.7984423871701296
      },
      "heat_x_electrified": {
        "coefficient": 0.2842577112207547,
        "std_error": 0.3509585371534541,
        "p_value": 0.4179708062989611,
        "ci_lower": -0.40360838166687774,
        "ci_upper": 0.9721238041083872
      },
      "cold_x_electrified": {
        "coefficient": 0.7918077558943354,
        "std_error": 0.867448890761187,
        "p_value": 0.3613474906693016,
        "ci_lower": -0.9083608284268109,
        "ci_upper": 2.4919763402154818
      },
      "n_obs": 721096,
      "r_squared": 0.013369651951665729,
      "interpretation": {
        "heat_protection": "No protective effect of electrification on heat days",
        "mechanism": "AC mechanism not supported"
      }
    },
    "deaths_cardiovascular": {
      "extreme_heat_effect": {
        "coefficient": 0.3260056380702953,
        "std_error": 0.056340495924569356,
        "p_value": 7.193370725602683e-09
      },
      "extreme_cold_effect": {
        "coefficient": -0.057433473746553894,
        "std_error": 0.16976560457098705,
        "p_value": 0.7351292687870528
      },
      "heat_x_electrified": {
        "coefficient": 0.09639892220102604,
        "std_error": 0.06443871851588667,
        "p_value": 0.1346593197332158,
        "ci_lower": -0.029898645300026158,
        "ci_upper": 0.22269648970207823
      },
      "cold_x_electrified": {
        "coefficient": 0.5420231787014553,
        "std_error": 0.22200603957862644,
        "p_value": 0.01462722165462943,
        "ci_lower": 0.10689933677697372,
        "ci_upper": 0.977147020625937
      },
      "n_obs": 721096,
      "r_squared": 0.016204420380403595,
      "interpretation": {
        "heat_protection": "No protective effect of electrification on heat days",
        "mechanism": "AC mechanism not supported"
      }
    },
    "deaths_respiratory": {
      "extreme_heat_effect": {
        "coefficient": 0.39116500588190417,
        "std_error": 0.09766381555710688,
        "p_value": 6.195995296530668e-05
      },
      "extreme_cold_effect": {
        "coefficient": -0.3223610830758121,
        "std_error": 0.09751385983168458,
        "p_value": 0.0009470647436446597
      },
      "heat_x_electrified": {
        "coefficient": -0.09043013048153611,
        "std_error": 0.09926171681787459,
        "p_value": 0.36228100754970616,
        "ci_lower": -0.2849795204881841,
        "ci_upper": 0.10411925952511186
      },
      "cold_x_electrified": {
        "coefficient": 0.3787211552393069,
        "std_error": 0.1006504052672478,
        "p_value": 0.00016806290464359492,
        "ci_lower": 0.18144998588614064,
        "ci_upper": 0.5759923245924732
      },
      "n_obs": 721096,
      "r_squared": 0.015226622544970203,
      "interpretation": {
        "heat_protection": "Electrification reduces heat-related mortality",
        "mechanism": "Consistent with AC access hypothesis",
        "magnitude": "0.09 fewer deaths per extreme heat day"
      }
    }
  },
  "triple_interaction": {
    "deaths_all": {
      "main_effects": {
        "el_nino": -0.22376283196097582,
        "heat": 1.5822263628412208,
        "electrified": 0.2316099222323195
      },