{
  "level": "immediate",
  "twfe": {
    "deaths_all": {
      "method": "TWFE",
      "treatment": "post_lpt",
      "outcome": "deaths_all",
      "n_obs": 2523235,
      "n_regions": 510,
      "n_treated_regions": 494,
      "att": 0.2500938465637544,
      "std_error": 0.07701140775176671,
      "t_stat": 3.2474909090077895,
      "p_value": 0.001164273834847785,
      "ci_lower": 0.09915426097156291,
      "ci_upper": 0.4010334321559459,
      "r_squared": 0.00408632996504299
    },
    "deaths_cardiovascular": {
      "method": "TWFE",
      "treatment": "post_lpt",
      "outcome": "deaths_cardiovascular",
      "n_obs": 2523235,
      "n_regions": 510,
      "n_treated_regions": 494,
      "att": 0.03826492371146848,
      "std_error": 0.033771597823500005,
      "t_stat": 1.1330504381655815,
      "p_value": 0.2571930727552184,
      "ci_lower": -0.02792619172296281,
      "ci_upper": 0.10445603914589977,
      "r_squared": 0.004261315388210063
    },
    "deaths_respiratory": {
      "method": "TWFE",
      "treatment": "post_lpt",
      "outcome": "deaths_respiratory",
      "n_obs": 2523235,
      "n_regions": 510,
      "n_treated_regions": 494,
      "att": 0.03769166207544872,
      "std_error": 0.021340735773549748,
      "t_stat": 1.76618381275142,
      "p_value": 0.07736501585595028,
      "ci_lower": -0.004135411444294322,
      "ci_upper": 0.07951873559519176,
      "r_squared": 0.004383330720017509
    }
  },
  "callaway_santanna": {
    "deaths_all": {
      "method": "Callaway-SantAnna",
      "outcome": "deaths_all",
      "aggregate_att": null,
      "aggregate_se": 0.2922381841499327,
      "t_stat": null,
      "p_value": null,
      "n_cohorts": 6,
      "cohort_results": [
        {
          "cohort": 2005,
          "att": null,
          "std_error": null,
          "n_treated_regions": 119,
          "n_control_regions": 16,
          "cohort_pre_mean": null,
          "cohort_post_mean": 4.307425863012096,
          "control_pre_mean": null,
          "control_post_mean": 7.270414312372786
        },
        {
          "cohort": 2006,
          "att": null,
          "std_error": null,
          "n_treated_regions": 11,
          "n_control_regions": 16,
          "cohort_pre_mean": null,
          "cohort_post_mean": 2.183689249514595,
          "control_pre_mean": null,
          "control_post_mean": 7.270414312372786
        },
        {
          "cohort": 2007,
          "att": null,
          "std_error": null,
          "n_treated_regions": 4,
          "n_control_regions": 16,
          "cohort_pre_mean": null,
          "cohort_post_mean": 2.9263261577223374,
          "control_pre_mean": null,
          "control_post_mean": 7.270414312372786
        },
        {
          "cohort": 2009,
          "att": null,
          "std_error": null,
          "n_treated_regions": 1,
          "n_control_regions": 16,
          "cohort_pre_mean": null,
          "cohort_post_mean": 1.8213547052740435,
          "control_pre_mean": null,
          "control_post_mean": 7.270414312372786
        },
        {
          "cohort": 2010,
          "att": null,
          "std_error": null,
          "n_treated_regions": 3,
          "n_control_regions": 16,
          "cohort_pre_mean": null,
          "cohort_post_mean": 1.946893067099291,
          "control_pre_mean": null,
          "control_post_mean": 7.270414312372786
        },
        {
          "cohort": 2011,
          "att": -1.0752566310754823,
          "std_error": 0.34380962841168555,
          "n_treated_regions": 2,
          "n_control_regions": 16,
          "cohort_pre_mean": 1.188559547926218,
          "cohort_post_mean": 1.292476662093887,
          "control_pre_mean": 6.168981105218654,
          "control_post_mean": 7.348154850461805
        }
      ]
    },
    "deaths_cardiovascular": {
      "method": "Callaway-SantAnna",
      "outcome": "deaths_cardiovascular",
      "aggregate_att": null,
      "aggregate_se": 0.03446671245557237,
      "t_stat": null,
      "p_value": null,
      "n_cohorts": 6,
      "cohort_results": [
        {
          "cohort": 2005,
          "att": null,
          "std_error": null,
          "n_treated_regions": 119,
          "n_control_regions": 16,
          "cohort_pre_mean": null,
          "cohort_post_mean": 1.1161713883206075,
          "control_pre_mean": null,
          "control_post_mean": 1.97244109790469
        },
        {
          "cohort": 2006,
          "att": null,
          "std_error": null,
          "n_treated_regions": 11,
          "n_control_regions": 16,
          "cohort_pre_mean": null,
          "cohort_post_mean": 0.5821306518245977,
          "control_pre_mean": null,
          "control_post_mean": 1.97244109790469
        },
        {
          "cohort": 2007,
          "att": null,
          "std_error": null,
          "n_treated_regions": 4,
          "n_control_regions": 16,
          "cohort_pre_mean": null,
          "cohort_post_mean": 0.6168628398763032,
          "control_pre_mean": null,
          "control_post_mean": 1.97244109790469
        },
        {
          "cohort": 2009,
          "att": null,
          "std_error": null,
          "n_treated_regions": 1,
          "n_control_regions": 16,
          "cohort_pre_mean": null,
          "cohort_post_mean": 0.6111685625646329,
          "control_pre_mean": null,
          "control_post_mean": 1.97244109790469
        },
        {
          "cohort": 2010,
          "att": null,
          "std_error": null,
          "n_treated_regions": 3,
          "n_control_regions": 16,
          "cohort_pre_mean": null,
          "cohort_post_mean": 0.45544924319886304,
          "control_pre_mean": null,
          "control_post_mean": 1.97244109790469
        },
        {
          "cohort": 2011,
          "att": -0.1326780674830204,
          "std_error": 0.04054907347714397,
          "n_treated_regions": 2,
          "n_control_regions": 16,
          "cohort_pre_mean": 0.26809894445036786,
          "cohort_post_mean": 0.24636464014454446,
          "control_pre_mean": 1.8688627948124223,
          "control_post_mean": 1.9798065579896194
        }
      ]
    },
    "deaths_respiratory": {
      "method": "Callaway-SantAnna",
      "outcome": "deaths_respiratory",
      "aggregate_att": null,
      "aggregate_se": 0.059556708925487575,
      "t_stat": null,
      "p_value": null,
      "n_cohorts": 6,
      "cohort_results": [
        {
          "cohort": 2005,
          "att": null,
          "std_error": null,
          "n_treated_regions": 119,
          "n_control_regions": 16,
          "cohort_pre_mean": null,
          "cohort_post_mean": 0.47364781108284076,
          "control_pre_mean": null,
          "control_post_mean": 0.7382685633667536
        },
        {
          "cohort": 2006,
          "att": null,
          "std_error": null,
          "n_treated_regions": 11,
          "n_control_regions": 16,
          "cohort_pre_mean": null,
          "cohort_post_mean": 0.21349291131510661,
          "control_pre_mean": null,
          "control_post_mean": 0.7382685633667536
        },
        {
          "cohort": 2007,
          "att": null,
          "std_error": null,
          "n_treated_regions": 4,
          "n_control_regions": 16,
          "cohort_pre_mean": null,
          "cohort_post_mean": 0.27813627905287663,
          "control_pre_mean": null,
          "control_post_mean": 0.7382685633667536
        },
        {
          "cohort": 2009,
          "att": null,
          "std_error": null,
          "n_treated_regions": 1,
          "n_control_regions": 16,
          "cohort_pre_mean": null,
          "cohort_post_mean": 0.13857290589451912,
          "control_pre_mean": null,
          "control_post_mean": 0.7382685633667536
        },
        {
          "cohort": 2010,
          "att": null,
          "std_error": null,
          "n_treated_regions": 3,
          "n_control_regions": 16,