{
  "level": "immediate",
  "placebo_outcomes": {
    "enso_deaths_all": {
      "coefficient": -0.12100760887930198,
      "std_error": 0.02335877308066815,
      "p_value": 2.2141970539091084e-07,
      "n_obs": 2523235
    },
    "enso_deaths_cardiovascular": {
      "coefficient": 0.011337064951859356,
      "std_error": 0.003808719615925572,
      "p_value": 0.0029145648833508366,
      "n_obs": 2523235
    },
    "enso_deaths_respiratory": {
      "coefficient": 0.03456677364185766,
      "std_error": 0.003561992896877409,
      "p_value": 2.88953339346398e-22,
      "n_obs": 2523235
    },
    "lpt_deaths_all": {
      "coefficient": 0.22972407975765657,
      "std_error": 0.07402146373096316,
      "p_value": 0.001912596199639486,
      "n_obs": 2523235
    },
    "lpt_deaths_cardiovascular": {
      "coefficient": 0.03699628705854122,
      "std_error": 0.031105127481936654,
      "p_value": 0.23428421741597572,
      "n_obs": 2523235
    },
    "lpt_deaths_respiratory": {
      "coefficient": 0.03612390325520386,
      "std_error": 0.02121359246809816,
      "p_value": 0.08859316658574108,
      "n_obs": 2523235
    }
  },
  "placebo_timing": {
    "lead_2": {
      "coefficient": 0.0,
      "std_error": 0.0,
      "p_value": null,
      "n_obs": 76159,
      "significant": false
    },
    "lead_3": {
      "coefficient": 0.0,
      "std_error": 0.0,
      "p_value": null,
      "n_obs": 76159,
      "significant": false
    },
    "lead_4": {
      "coefficient": 0.0,
      "std_error": 0.0,
      "p_value": null,
      "n_obs": 76159,
      "significant": false
    },
    "summary": {
      "any_significant_placebo": false,
      "interpretation": "Placebo test PASSED - no pre-trends"
    }
  },
  "permutation": {
    "actual_effect": 0.22972407975765657,
    "n_permutations": 50,
    "mean_permutation_effect": 0.0,
    "std_permutation_effect": 0.0,
    "p_value": 0.0,
    "percentile_5": 0.0,
    "percentile_95": 0.0,
    "interpretation": "Effect is significant beyond random chance"
  },
  "exclusion_restriction": {
    "reduced_form": {
      "enso_effect": -0.12100760887930198,
      "std_error": 0.02335877308066815,
      "p_value": 2.2141970539091084e-07
    },
    "conditional": {
      "enso_effect_conditional": -0.10668381146881999,
      "std_error": 0.02170019707181633,
      "p_value": 8.821321175138926e-07,
      "temp_effect": -0.04424500906268483
    },
    "interpretation": "Exclusion restriction QUESTIONABLE: ENSO has residual effect not explained by temperature"
  },
  "balance": null
}