{
  "exposure_type": "immediate",
  "analysis_date": "2025-12-19 23:10:53.767713",
  "baseline": {
    "n_regions": 359,
    "heat": {
      "rr": 1.289432,
      "ci_low": 1.264317,
      "ci_high": 1.315046,
      "log_rr": 0.254202,
      "se": 0.010036,
      "heterogeneity": {
        "cochrans_Q": 1618.499665,
        "Q_df": 358,
        "Q_pvalue": 0,
        "I2_percent": 77.880749
      }
    },
    "cold": {
      "rr": 1.297549,
      "ci_low": 1.275711,
      "ci_high": 1.319761,
      "log_rr": 0.260477,
      "se": 0.00866,
      "heterogeneity": {
        "cochrans_Q": 514.901907,
        "Q_df": 358,
        "Q_pvalue": 9.967801e-08,
        "I2_percent": 30.472194
      }
    }
  },
  "apparent_temp": {
    "n_regions": 318,
    "heat": {
      "rr": 1.245117,
      "ci_low": 1.222206,
      "ci_high": 1.268457,
      "log_rr": 0.219229,
      "se": 0.009476,
      "heterogeneity": {
        "cochrans_Q": 997.802949,
        "Q_df": 317,
        "Q_pvalue": 0,
        "I2_percent": 68.2302
      }
    },
    "cold": {
      "rr": 1.309612,
      "ci_low": 1.283979,
      "ci_high": 1.335756,
      "log_rr": 0.269731,
      "se": 0.010085,
      "heterogeneity": {
        "cochrans_Q": 714.122439,
        "Q_df": 317,
        "Q_pvalue": 0,
        "I2_percent": 55.609853
      }
    }
  },
  "pollution_adjusted": {
    "n_regions": 361,
    "heat": {
      "rr": 1.282746,
      "ci_low": 1.257576,
      "ci_high": 1.308419,
      "log_rr": 0.249003,
      "se": 0.010111,
      "heterogeneity": {
        "cochrans_Q": 1693.649733,
        "Q_df": 360,
        "Q_pvalue": 0,
        "I2_percent": 78.744129
      }
    },
    "cold": {
      "rr": 1.297503,
      "ci_low": 1.274915,
      "ci_high": 1.32049,
      "log_rr": 0.260441,
      "se": 0.00896,
      "heterogeneity": {
        "cochrans_Q": 1008.780108,
        "Q_df": 360,
        "Q_pvalue": 0,
        "I2_percent": 64.313333
      }
    }
  },
  "flu_adjusted": {
    "n_regions": 359,
    "heat": {
      "rr": 1.289432,
      "ci_low": 1.264317,
      "ci_high": 1.315046,
      "log_rr": 0.254202,
      "se": 0.010036,
      "heterogeneity": {
        "cochrans_Q": 1618.499665,
        "Q_df": 358,
        "Q_pvalue": 0,
        "I2_percent": 77.880749
      }
    },
    "cold": {
      "rr": 1.297549,
      "ci_low": 1.275711,
      "ci_high": 1.319761,
      "log_rr": 0.260477,
      "se": 0.00866,
      "heterogeneity": {
        "cochrans_Q": 514.901907,
        "Q_df": 358,
        "Q_pvalue": 9.967801e-08,
        "I2_percent": 30.472194
      }
    }
  },
  "metadata": {
    "pollution_regions": 510,
    "min_pollution_coverage": 0.7
  }
}
