{
  "exposure_type": "intermediate",
  "analysis_date": "2025-12-19 21:48:39.681798",
  "max_lag": 35,
  "lag_horizons": [7, 14, 21, 28, 35],
  "eval_temperatures": {
    "cold_p1": 11.514145,
    "heat_p99": 30.147478
  },
  "results": {
    "lag_7": {
      "lag_days": 7,
      "n_regions": 129,
      "heat": {
        "rr": 1.121571,
        "ci_low": 0.868976,
        "ci_high": 1.447591,
        "cochrans_Q": 50319.850749,
        "Q_df": 102,
        "I2_percent": 99.797297
      },
      "cold": {
        "rr": 0.044493,
        "ci_low": 0.001431,
        "ci_high": 1.383131,
        "cochrans_Q": 197698698.520961,
        "Q_df": 72,
        "I2_percent": 99.999964
      }
    },
    "lag_14": {
      "lag_days": 14,
      "n_regions": 129,
      "heat": {
        "rr": 1.039677,
        "ci_low": 0.770299,
        "ci_high": 1.403259,
        "cochrans_Q": 12307.113261,
        "Q_df": 98,
        "I2_percent": 99.203713
      },
      "cold": {
        "rr": 0.028234,
        "ci_low": 0.000087,
        "ci_high": 9.144286,
        "cochrans_Q": 833667736804.68835,
        "Q_df": 70,
        "I2_percent": 100
      }
    },
    "lag_21": {
      "lag_days": 21,
      "n_regions": 129,
      "heat": {
        "rr": 0.907612,
        "ci_low": 0.620724,
        "ci_high": 1.327096,
        "cochrans_Q": 25067.728245,
        "Q_df": 95,
        "I2_percent": 99.621027
      },
      "cold": {
        "rr": 0.000042,
        "ci_low": 8.778832e-10,
        "ci_high": 2.003913,
        "cochrans_Q": 7.7196393061134289e+49,
        "Q_df": 69,
        "I2_percent": 100
      }
    },
    "lag_28": {
      "lag_days": 28,
      "n_regions": 129,
      "heat": {
        "rr": 0.626125,
        "ci_low": 0.330819,
        "ci_high": 1.185036,
        "cochrans_Q": 109706.896016,
        "Q_df": 91,
        "I2_percent": 99.917052
      },
      "cold": {
        "rr": 0.002589,
        "ci_low": 2.230939e-06,
        "ci_high": 3.005411,
        "cochrans_Q": 1.0494768355263338e+23,
        "Q_df": 65,
        "I2_percent": 100
      }
    },
    "lag_35": {
      "lag_days": 35,
      "n_regions": 129,
      "heat": {
        "rr": 0.718978,
        "ci_low": 0.368914,
        "ci_high": 1.401217,
        "cochrans_Q": 1547662.103558,
        "Q_df": 89,
        "I2_percent": 99.994249
      },
      "cold": {
        "rr": 0.000048,
        "ci_low": 5.155724e-10,
        "ci_high": 4.511105,
        "cochrans_Q": 1.35367182690254e+57,
        "Q_df": 65,
        "I2_percent": 100
      }
    },
    "summary": {
      "harvesting_ratio_heat": 3.311593,
      "harvesting_ratio_cold": -0.046514,
      "err_heat_7day": 0.121571,
      "err_heat_35day": -0.281022,
      "err_cold_7day": -0.955507,
      "err_cold_35day": -0.999952
    }
  }
}
