{
  "exposure_type": "immediate",
  "analysis_date": "2025-12-19 22:16:06.227718",
  "max_lag": 35,
  "lag_horizons": [7, 14, 21, 28, 35],
  "eval_temperatures": {
    "cold_p1": 10.87376,
    "heat_p99": 30.337629
  },
  "results": {
    "lag_7": {
      "lag_days": 7,
      "n_regions": 495,
      "heat": {
        "rr": 1.015913,
        "ci_low": 0.818817,
        "ci_high": 1.26045,
        "cochrans_Q": 159006359.319078,
        "Q_df": 379,
        "I2_percent": 99.999762
      },
      "cold": {
        "rr": 0.000127,
        "ci_low": 1.357752e-07,
        "ci_high": 0.119139,
        "cochrans_Q": 2.7673246287246226e+66,
        "Q_df": 283,
        "I2_percent": 100
      }
    },
    "lag_14": {
      "lag_days": 14,
      "n_regions": 495,
      "heat": {
        "rr": 0.368724,
        "ci_low": 0.040358,
        "ci_high": 3.368777,
        "cochrans_Q": 28282144737.498394,
        "Q_df": 355,
        "I2_percent": 99.999999
      },
      "cold": {
        "rr": 0.000217,
        "ci_low": 1.650034e-07,
        "ci_high": 0.285727,
        "cochrans_Q": 8.2189623461693336e+208,
        "Q_df": 262,
        "I2_percent": 100
      }
    },
    "lag_21": {
      "lag_days": 21,
      "n_regions": 494,
      "heat": {
        "rr": 1.042889,
        "ci_low": 0.942557,
        "ci_high": 1.153901,
        "cochrans_Q": 34085.535327,
        "Q_df": 333,
        "I2_percent": 99.023046
      },
      "cold": {
        "rr": 0.010243,
        "ci_low": 0.000217,
        "ci_high": 0.482827,
        "cochrans_Q": 9.1343852347012677e+46,
        "Q_df": 248,
        "I2_percent": 100
      }
    },
    "lag_28": {
      "lag_days": 28,
      "n_regions": 494,
      "heat": {
        "rr": 0.769183,
        "ci_low": 0.566218,
        "ci_high": 1.044902,
        "cochrans_Q": 835369.220552,
        "Q_df": 315,
        "I2_percent": 99.962292
      },
      "cold": {
        "rr": 0.00059,
        "ci_low": 3.27036e-07,
        "ci_high": 1.063827,
        "cochrans_Q": 9.2339707989894857e+48,
        "Q_df": 234,
        "I2_percent": 100
      }
    },
    "lag_35": {
      "lag_days": 35,
      "n_regions": 494,
      "heat": {
        "rr": 0.094051,
        "ci_low": 0.004837,
        "ci_high": 1.828676,
        "cochrans_Q": 43625030642431096,
        "Q_df": 302,
        "I2_percent": 100
      },
      "cold": {
        "rr": 0.035185,
        "ci_low": 0.00015,
        "ci_high": 8.268054,
        "cochrans_Q": 37854102579195344,
        "Q_df": 217,
        "I2_percent": 100
      }
    },
    "summary": {
      "harvesting_ratio_heat": 57.932979,
      "harvesting_ratio_cold": 0.035062,
      "err_heat_7day": 0.015913,
      "err_heat_35day": -0.905949,
      "err_cold_7day": -0.999873,
      "err_cold_35day": -0.964815
    }
  }
}
