{
  "exposure_type": "immediate",
  "analysis_date": "2025-12-19 18:27:42.088694",
  "baseline_spec": {
    "max_lag": 21,
    "temp_df": 4,
    "lag_df": 4
  },
  "lag_sensitivity": {
    "lag_7": {
      "n_regions": 495,
      "pooled_mmt": 23.491469,
      "rr_p99": 1.553938,
      "rr_p99_ci": [1.500697, 1.609068],
      "rr_p95": 1.224533,
      "rr_p95_ci": [1.20253, 1.246939],
      "rr_p5": 1.068259,
      "rr_p5_ci": [1.057836, 1.078785],
      "rr_p1": 1.158522,
      "rr_p1_ci": [1.141204, 1.176104],
      "converged": true,
      "method": "ml",
      "heterogeneity": {
        "cochrans_Q": 553.335319,
        "Q_df": 494,
        "Q_pvalue": 0.033029,
        "I2_percent": 10.723212,
        "H2": 1.120112,
        "tau2": 0.051406
      }
    },
    "lag_14": {
      "n_regions": 495,
      "pooled_mmt": 24.209821,
      "rr_p99": 1.56906,
      "rr_p99_ci": [1.505961, 1.634803],
      "rr_p95": 1.202909,
      "rr_p95_ci": [1.178504, 1.227819],
      "rr_p5": 1.135,
      "rr_p5_ci": [1.118086, 1.15217],
      "rr_p1": 1.280879,
      "rr_p1_ci": [1.250251, 1.312257],
      "converged": true,
      "method": "ml",
      "heterogeneity": {
        "cochrans_Q": 675.592071,
        "Q_df": 494,
        "Q_pvalue": 9.374478e-08,
        "I2_percent": 26.878952,
        "H2": 1.367595,
        "tau2": 0.032743
      }
    },
    "lag_21": {
      "n_regions": 493,
      "pooled_mmt": 24.751212,
      "rr_p99": 1.579921,
      "rr_p99_ci": [1.509706, 1.653401],
      "rr_p95": 1.179033,
      "rr_p95_ci": [1.153657, 1.204967],
      "rr_p5": 1.183599,
      "rr_p5_ci": [1.161371, 1.206253],
      "rr_p1": 1.336864,
      "rr_p1_ci": [1.29706, 1.37789],
      "converged": true,
      "method": "ml",
      "heterogeneity": {
        "cochrans_Q": 567.593345,
        "Q_df": 492,
        "Q_pvalue": 0.010241,
        "I2_percent": 13.318223,
        "H2": 1.153645,
        "tau2": 0.025243
      }
    },
    "lag_28": {
      "n_regions": 489,
      "pooled_mmt": 25.303198,
      "rr_p99": 1.55553,
      "rr_p99_ci": [1.484036, 1.630469],
      "rr_p95": 1.155499,
      "rr_p95_ci": [1.130431, 1.181124],
      "rr_p5": 1.255452,
      "rr_p5_ci": [1.226157, 1.285446],
      "rr_p1": 1.457086,
      "rr_p1_ci": [1.406021, 1.510005],
      "converged": true,
      "method": "ml",
      "heterogeneity": {
        "cochrans_Q": 648.025858,
        "Q_df": 488,
        "Q_pvalue": 1.50074e-06,
        "I2_percent": 24.694363,
        "H2": 1.327922,
        "tau2": 0.021226
      }
    }
  },
  "df_sensitivity": {
    "temp3_lag3": {
      "n_regions": 493,
      "pooled_mmt": 24.775259,
      "rr_p99": 1.559213,
      "rr_p99_ci": [1.490983, 1.630564],
      "rr_p95": 1.172844,
      "rr_p95_ci": [1.147953, 1.198276],
      "rr_p5": 1.178225,
      "rr_p5_ci": [1.156234, 1.200634],
      "rr_p1": 1.325108,
      "rr_p1_ci": [1.286748, 1.364611],
      "converged": true,
      "method": "ml",
      "heterogeneity": {
        "cochrans_Q": 598.316776,
        "Q_df": 492,
        "Q_pvalue": 0.000704,
        "I2_percent": 17.769312,
        "H2": 1.216091,
        "tau2": 0.025106
      }
    },
    "temp3_lag4": {
      "n_regions": 493,
      "pooled_mmt": 24.751212,
      "rr_p99": 1.579921,
      "rr_p99_ci": [1.509706, 1.653401],
      "rr_p95": 1.179033,
      "rr_p95_ci": [1.153657, 1.204967],
      "rr_p5": 1.183599,
      "rr_p5_ci": [1.161371, 1.206253],
      "rr_p1": 1.336864,
      "rr_p1_ci": [1.29706, 1.37789],
      "converged": true,
      "method": "ml",
      "heterogeneity": {
        "cochrans_Q": 567.593345,
        "Q_df": 492,
        "Q_pvalue": 0.010241,
        "I2_percent": 13.318223,
        "H2": 1.153645,
        "tau2": 0.025243
      }
    },
    "temp3_lag5": {
      "n_regions": 493,
      "pooled_mmt": 24.66416,
      "rr_p99": 1.605102,
      "rr_p99_ci": [1.532973, 1.680625],
      "rr_p95": 1.191087,
      "rr_p95_ci": [1.164923, 1.217838],
      "rr_p5": 1.173694,
      "rr_p5_ci": [1.151474, 1.196343],
      "rr_p1": 1.324855,
      "rr_p1_ci": [1.285693, 1.365209],
      "converged": true,
      "method": "ml",
      "heterogeneity": {
        "cochrans_Q": 585.269296,
        "Q_df": 492,
        "Q_pvalue": 0.002366,
        "I2_percent": 15.936133,
        "H2": 1.189572,
        "tau2": 0.026454
      }
    },
    "temp4_lag3": {
      "n_regions": 493,
      "pooled_mmt": 24.775259,
      "rr_p99": 1.559213,
      "rr_p99_ci": [1.490983, 1.630564],
      "rr_p95": 1.172844,
      "rr_p95_ci": [1.147953, 1.198276],
      "rr_p5": 1.178225,
      "rr_p5_ci": [1.156234, 1.200634],
      "rr_p1": 1.325108,
      "rr_p1_ci": [1.286748, 1.364611],
      "converged": true,
      "method": "ml",
      "heterogeneity": {
        "cochrans_Q": 598.316776,
        "Q_df": 492,
        "Q_pvalue": 0.000704,
        "I2_percent": 17.769312,
        "H2": 1.216091,
        "tau2": 0.025106
      }
    },
    "temp4_lag4": {
      "n_regions": 493,
      "pooled_mmt": 24.751212,
      "rr_p99": 1.579921,
      "rr_p99_ci": [1.509706, 1.653401],
      "rr_p95": 1.179033,
      "rr_p95_ci": [1.153657, 1.204967],
      "rr_p5": 1.183599,
      "rr_p5_ci": [1.161371, 1.206253],
      "rr_p1": 1.336864,
      "rr_p1_ci": [1.29706, 1.37789],
      "converged": true,
      "method": "ml",
      "heterogeneity": {
        "cochrans_Q": 567.593345,
        "Q_df": 492,
        "Q_pvalue": 0.010241,
        "I2_percent": 13.318223,
        "H2": 1.153645,
        "tau2": 0.025243
      }
    },
    "temp4_lag5": {
      "n_regions": 493,
      "pooled_mmt": 24.66416,
      "rr_p99": 1.605102,
      "rr_p99_ci": [1.532973, 1.680625],
      "rr_p95": 1.191087,
      "rr_p95_ci": [1.164923, 1.217838],
      "rr_p5": 1.173694,
      "rr_p5_ci": [1.151474, 1.196343],
      "rr_p1": 1.324855,
      "rr_p1_ci": [1.285693, 1.365209],
      "converged": true,
      "method": "ml",
      "heterogeneity": {
        "cochrans_Q": 585.269296,
        "Q_df": 492,
        "Q_pvalue": 0.002366,
        "I2_percent": 15.936133,
        "H2": 1.189572,
        "tau2": 0.026454
      }
    },
    "temp5_lag3": {
      "n_regions": 493,
      "pooled_mmt": 24.775259,
      "rr_p99": 1.559213,
      "rr_p99_ci": [1.490983, 1.630564],
      "rr_p95": 1.172844,
      "rr_p95_ci": [1.147953, 1.198276],
      "rr_p5": 1.178225,
      "rr_p5_ci": [1.156234, 1.200634],
      "rr_p1": 1.325108,
      "rr_p1_ci": [1.286748, 1.364611],
      "converged": true,
      "method": "ml",
      "heterogeneity": {
        "cochrans_Q": 598.316776,
        "Q_df": 492,
        "Q_pvalue": 0.000704,
        "I2_percent": 17.769312,
        "H2": 1.216091,
        "tau2": 0.025106
      }
    },
    "temp5_lag4": {
      "n_regions": 493,
      "pooled_mmt": 24.751212,
      "rr_p99": 1.579921,
      "rr_p99_ci": [1.509706, 1.653401],
      "rr_p95": 1.179033,
      "rr_p95_ci": [1.153657, 1.204967],
      "rr_p5": 1.183599,
      "rr_p5_ci": [1.161371, 1.206253],
      "rr_p1": 1.336864,
      "rr_p1_ci": [1.29706, 1.37789],
      "converged": true,
      "method": "ml",
      "heterogeneity": {
        "cochrans_Q": 567.593345,
        "Q_df": 492,
        "Q_pvalue": 0.010241,
        "I2_percent": 13.318223,
        "H2": 1.153645,
        "tau2": 0.025243
      }
    },
    "temp5_lag5": {
      "n_regions": 493,
      "pooled_mmt": 24.66416,
      "rr_p99": 1.605102,
      "rr_p99_ci": [1.532973, 1.680625],
      "rr_p95": 1.191087,
      "rr_p95_ci": [1.164923, 1.217838],
      "rr_p5": 1.173694,
      "rr_p5_ci": [1.151474, 1.196343],
      "rr_p1": 1.324855,
      "rr_p1_ci": [1.285693, 1.365209],
      "converged": true,
      "method": "ml",
      "heterogeneity": {
        "cochrans_Q": 585.269296,
        "Q_df": 492,
        "Q_pvalue": 0.002366,
        "I2_percent": 15.936133,
        "H2": 1.189572,
        "tau2": 0.026454
      }
    }
  }
}
