{
  "exposure_type": "intermediate",
  "analysis_date": "2025-12-19 10:56:59.567696",
  "baseline_spec": {
    "max_lag": 21,
    "temp_df": 4,
    "lag_df": 4
  },
  "lag_sensitivity": {
    "lag_7": {
      "n_regions": 129,
      "pooled_mmt": 23.514634,
      "rr_p99": 1.706839,
      "rr_p99_ci": [1.584387, 1.838754],
      "rr_p95": 1.26936,
      "rr_p95_ci": [1.224657, 1.315694],
      "rr_p5": 1.104725,
      "rr_p5_ci": [1.087225, 1.122507],
      "rr_p1": 1.276969,
      "rr_p1_ci": [1.232439, 1.323107],
      "converged": true,
      "method": "ml",
      "heterogeneity": {
        "cochrans_Q": 155.197351,
        "Q_df": 128,
        "Q_pvalue": 0.051187,
        "I2_percent": 17.524365,
        "H2": 1.212479,
        "tau2": 0.118874
      }
    },
    "lag_14": {
      "n_regions": 129,
      "pooled_mmt": 24.182337,
      "rr_p99": 1.77418,
      "rr_p99_ci": [1.622594, 1.939928],
      "rr_p95": 1.254577,
      "rr_p95_ci": [1.203956, 1.307326],
      "rr_p5": 1.217314,
      "rr_p5_ci": [1.184369, 1.251175],
      "rr_p1": 1.518315,
      "rr_p1_ci": [1.442588, 1.598016],
      "converged": true,
      "method": "ml",
      "heterogeneity": {
        "cochrans_Q": 168.326118,
        "Q_df": 128,
        "Q_pvalue": 0.009735,
        "I2_percent": 23.957137,
        "H2": 1.315048,
        "tau2": 0.077673
      }
    },
    "lag_21": {
      "n_regions": 129,
      "pooled_mmt": 25.005319,
      "rr_p99": 1.756929,
      "rr_p99_ci": [1.597855, 1.93184],
      "rr_p95": 1.22086,
      "rr_p95_ci": [1.171754, 1.272024],
      "rr_p5": 1.287012,
      "rr_p5_ci": [1.24462, 1.330847],
      "rr_p1": 1.623208,
      "rr_p1_ci": [1.529459, 1.722704],
      "converged": true,
      "method": "ml",
      "heterogeneity": {
        "cochrans_Q": 159.624123,
        "Q_df": 128,
        "Q_pvalue": 0.030418,
        "I2_percent": 19.811619,
        "H2": 1.247063,
        "tau2": 0.057669
      }
    },
    "lag_28": {
      "n_regions": 128,
      "pooled_mmt": 25.604227,
      "rr_p99": 1.701514,
      "rr_p99_ci": [1.549177, 1.868832],
      "rr_p95": 1.186539,
      "rr_p95_ci": [1.140251, 1.234705],
      "rr_p5": 1.374767,
      "rr_p5_ci": [1.31775, 1.434252],
      "rr_p1": 1.777403,
      "rr_p1_ci": [1.659586, 1.903584],
      "converged": true,
      "method": "ml",
      "heterogeneity": {
        "cochrans_Q": 244.833853,
        "Q_df": 127,
        "Q_pvalue": 1.704654e-09,
        "I2_percent": 48.128088,
        "H2": 1.927826,
        "tau2": 0.044209
      }
    }
  },
  "df_sensitivity": {
    "temp3_lag3": {
      "n_regions": 129,
      "pooled_mmt": 25.006185,
      "rr_p99": 1.702949,
      "rr_p99_ci": [1.554993, 1.864984],
      "rr_p95": 1.208513,
      "rr_p95_ci": [1.161059, 1.257906],
      "rr_p5": 1.284524,
      "rr_p5_ci": [1.242336, 1.328144],
      "rr_p1": 1.603902,
      "rr_p1_ci": [1.512712, 1.70059],
      "converged": true,
      "method": "ml",
      "heterogeneity": {
        "cochrans_Q": 170.951898,
        "Q_df": 128,
        "Q_pvalue": 0.006705,
        "I2_percent": 25.125137,
        "H2": 1.335562,
        "tau2": 0.053181
      }
    },
    "temp3_lag4": {
      "n_regions": 129,
      "pooled_mmt": 25.005319,
      "rr_p99": 1.756929,
      "rr_p99_ci": [1.597855, 1.93184],
      "rr_p95": 1.22086,
      "rr_p95_ci": [1.171754, 1.272024],
      "rr_p5": 1.287012,
      "rr_p5_ci": [1.24462, 1.330847],
      "rr_p1": 1.623208,
      "rr_p1_ci": [1.529459, 1.722704],
      "converged": true,
      "method": "ml",
      "heterogeneity": {
        "cochrans_Q": 159.624123,
        "Q_df": 128,
        "Q_pvalue": 0.030418,
        "I2_percent": 19.811619,
        "H2": 1.247063,
        "tau2": 0.057669
      }
    },
    "temp3_lag5": {
      "n_regions": 129,
      "pooled_mmt": 24.882942,
      "rr_p99": 1.79203,
      "rr_p99_ci": [1.624787, 1.976489],
      "rr_p95": 1.236582,
      "rr_p95_ci": [1.185293, 1.290091],
      "rr_p5": 1.271865,
      "rr_p5_ci": [1.231016, 1.31407],
      "rr_p1": 1.593039,
      "rr_p1_ci": [1.504386, 1.686916],
      "converged": true,
      "method": "ml",
      "heterogeneity": {
        "cochrans_Q": 149.8113,
        "Q_df": 128,
        "Q_pvalue": 0.091137,
        "I2_percent": 14.559182,
        "H2": 1.170401,
        "tau2": 0.059572
      }
    },
    "temp4_lag3": {
      "n_regions": 129,
      "pooled_mmt": 25.006185,
      "rr_p99": 1.702949,
      "rr_p99_ci": [1.554993, 1.864984],
      "rr_p95": 1.208513,
      "rr_p95_ci": [1.161059, 1.257906],
      "rr_p5": 1.284524,
      "rr_p5_ci": [1.242336, 1.328144],
      "rr_p1": 1.603902,
      "rr_p1_ci": [1.512712, 1.70059],
      "converged": true,
      "method": "ml",
      "heterogeneity": {
        "cochrans_Q": 170.951898,
        "Q_df": 128,
        "Q_pvalue": 0.006705,
        "I2_percent": 25.125137,
        "H2": 1.335562,
        "tau2": 0.053181
      }
    },
    "temp4_lag4": {
      "n_regions": 129,
      "pooled_mmt": 25.005319,
      "rr_p99": 1.756929,
      "rr_p99_ci": [1.597855, 1.93184],
      "rr_p95": 1.22086,
      "rr_p95_ci": [1.171754, 1.272024],
      "rr_p5": 1.287012,
      "rr_p5_ci": [1.24462, 1.330847],
      "rr_p1": 1.623208,
      "rr_p1_ci": [1.529459, 1.722704],
      "converged": true,
      "method": "ml",
      "heterogeneity": {
        "cochrans_Q": 159.624123,
        "Q_df": 128,
        "Q_pvalue": 0.030418,
        "I2_percent": 19.811619,
        "H2": 1.247063,
        "tau2": 0.057669
      }
    },
    "temp4_lag5": {
      "n_regions": 129,
      "pooled_mmt": 24.882942,
      "rr_p99": 1.79203,
      "rr_p99_ci": [1.624787, 1.976489],
      "rr_p95": 1.236582,
      "rr_p95_ci": [1.185293, 1.290091],
      "rr_p5": 1.271865,
      "rr_p5_ci": [1.231016, 1.31407],
      "rr_p1": 1.593039,
      "rr_p1_ci": [1.504386, 1.686916],
      "converged": true,
      "method": "ml",
      "heterogeneity": {
        "cochrans_Q": 149.8113,
        "Q_df": 128,
        "Q_pvalue": 0.091137,
        "I2_percent": 14.559182,
        "H2": 1.170401,
        "tau2": 0.059572
      }
    },
    "temp5_lag3": {
      "n_regions": 129,
      "pooled_mmt": 25.006185,
      "rr_p99": 1.702949,
      "rr_p99_ci": [1.554993, 1.864984],
      "rr_p95": 1.208513,
      "rr_p95_ci": [1.161059, 1.257906],
      "rr_p5": 1.284524,
      "rr_p5_ci": [1.242336, 1.328144],
      "rr_p1": 1.603902,
      "rr_p1_ci": [1.512712, 1.70059],
      "converged": true,
      "method": "ml",
      "heterogeneity": {
        "cochrans_Q": 170.951898,
        "Q_df": 128,
        "Q_pvalue": 0.006705,
        "I2_percent": 25.125137,
        "H2": 1.335562,
        "tau2": 0.053181
      }
    },
    "temp5_lag4": {
      "n_regions": 129,
      "pooled_mmt": 25.005319,
      "rr_p99": 1.756929,
      "rr_p99_ci": [1.597855, 1.93184],
      "rr_p95": 1.22086,
      "rr_p95_ci": [1.171754, 1.272024],
      "rr_p5": 1.287012,
      "rr_p5_ci": [1.24462, 1.330847],
      "rr_p1": 1.623208,
      "rr_p1_ci": [1.529459, 1.722704],
      "converged": true,
      "method": "ml",
      "heterogeneity": {
        "cochrans_Q": 159.624123,
        "Q_df": 128,
        "Q_pvalue": 0.030418,
        "I2_percent": 19.811619,
        "H2": 1.247063,
        "tau2": 0.057669
      }
    },
    "temp5_lag5": {
      "n_regions": 129,
      "pooled_mmt": 24.882942,
      "rr_p99": 1.79203,
      "rr_p99_ci": [1.624787, 1.976489],
      "rr_p95": 1.236582,
      "rr_p95_ci": [1.185293, 1.290091],
      "rr_p5": 1.271865,
      "rr_p5_ci": [1.231016, 1.31407],
      "rr_p1": 1.593039,
      "rr_p1_ci": [1.504386, 1.686916],
      "converged": true,
      "method": "ml",
      "heterogeneity": {
        "cochrans_Q": 149.8113,
        "Q_df": 128,
        "Q_pvalue": 0.091137,
        "I2_percent": 14.559182,
        "H2": 1.170401,
        "tau2": 0.059572
      }
    }
  }
}
